datetime,currency,impact,title,source,url
2026-09-13 14:15,ALL,Low,BRICS Summit,this,https://www.forexfactory.com/calendar/900-brics-summit
2026-09-14 04:30,NZD,Low,BusinessNZ Services Index,this,https://www.forexfactory.com/calendar/852-nz-businessnz-services-index
2026-09-14 04:45,NZD,Low,Visitor Arrivals m/m,this,https://www.forexfactory.com/calendar/361-nz-visitor-arrivals-mm
2026-09-14 08:30,AUD,Low,RBA Assist Gov Hunter Speaks,this,https://www.forexfactory.com/calendar/907-au-rba-assist-gov-hunter-speaks
2026-09-14 10:30,JPY,Low,Revised Industrial Production m/m,this,https://www.forexfactory.com/calendar/226-jn-revised-industrial-production-mm
2026-09-14 12:02,CNY,Low,Foreign Direct Investment ytd/y,this,https://www.forexfactory.com/calendar/457-ch-foreign-direct-investment-ytdy
2026-09-14 12:30,CHF,Low,PPI m/m,this,https://www.forexfactory.com/calendar/96-sz-ppi-mm
2026-09-14 14:03,CNY,Low,M2 Money Supply y/y,this,https://www.forexfactory.com/calendar/476-ch-m2-money-supply-yy
2026-09-14 14:03,CNY,Low,New Loans,this,https://www.forexfactory.com/calendar/477-ch-new-loans
2026-09-14 18:30,CAD,High,CPI m/m,this,https://www.forexfactory.com/calendar/80-ca-cpi-mm
2026-09-14 18:30,CAD,High,Median CPI y/y,this,https://www.forexfactory.com/calendar/659-ca-median-cpi-yy
2026-09-14 18:30,CAD,High,Trimmed CPI y/y,this,https://www.forexfactory.com/calendar/657-ca-trimmed-cpi-yy
2026-09-14 18:30,CAD,Medium,Common CPI y/y,this,https://www.forexfactory.com/calendar/664-ca-common-cpi-yy
2026-09-14 18:30,CAD,Low,Core CPI m/m,this,https://www.forexfactory.com/calendar/81-ca-core-cpi-mm
2026-09-14 18:30,CAD,Low,Manufacturing Sales m/m,this,https://www.forexfactory.com/calendar/363-ca-manufacturing-sales-mm
2026-09-14 19:30,GBP,Low,CB Leading Index m/m,this,https://www.forexfactory.com/calendar/299-uk-cb-leading-index-mm
2026-09-15 07:30,CNY,Low,New Home Prices m/m,this,https://www.forexfactory.com/calendar/902-ch-new-home-prices-mm
2026-09-15 08:00,CNY,Low,Fixed Asset Investment ytd/y,this,https://www.forexfactory.com/calendar/458-ch-fixed-asset-investment-ytdy
2026-09-15 08:00,CNY,Low,Industrial Production y/y,this,https://www.forexfactory.com/calendar/453-ch-industrial-production-yy
2026-09-15 08:00,CNY,Low,NBS Press Conference,this,https://www.forexfactory.com/calendar/469-ch-nbs-press-conference
2026-09-15 08:00,CNY,Low,Retail Sales y/y,this,https://www.forexfactory.com/calendar/470-ch-retail-sales-yy
2026-09-15 08:00,CNY,Low,Unemployment Rate,this,https://www.forexfactory.com/calendar/771-ch-unemployment-rate
2026-09-15 10:30,JPY,Low,Tertiary Industry Activity m/m,this,https://www.forexfactory.com/calendar/382-jn-tertiary-industry-activity-mm
2026-09-15 12:00,EUR,Low,German WPI m/m,this,https://www.forexfactory.com/calendar/291-ge-wpi-mm
2026-09-15 12:00,GBP,High,Claimant Count Change,this,https://www.forexfactory.com/calendar/68-uk-claimant-count-change
2026-09-15 12:00,GBP,Medium,Average Earnings Index 3m/y,this,https://www.forexfactory.com/calendar/180-uk-average-earnings-index-3my
2026-09-15 12:00,GBP,Low,Unemployment Rate,this,https://www.forexfactory.com/calendar/58-uk-unemployment-rate
2026-09-15 12:45,EUR,Low,French Final CPI m/m,this,https://www.forexfactory.com/calendar/171-fr-final-cpi-mm
2026-09-15 14:00,EUR,Low,Italian Trade Balance,this,https://www.forexfactory.com/calendar/127-it-trade-balance
2026-09-15 15:00,EUR,Low,Trade Balance,this,https://www.forexfactory.com/calendar/120-ez-trade-balance
2026-09-15 15:00,EUR,Low,German ZEW Economic Sentiment,this,https://www.forexfactory.com/calendar/313-ge-zew-economic-sentiment
2026-09-15 15:00,EUR,Low,ZEW Economic Sentiment,this,https://www.forexfactory.com/calendar/314-ez-zew-economic-sentiment
2026-09-15 18:15,USD,Low,ADP Weekly Employment Change,this,https://www.forexfactory.com/calendar/929-us-adp-weekly-employment-change
2026-09-15 18:30,CAD,Low,Wholesale Sales m/m,this,https://www.forexfactory.com/calendar/362-ca-wholesale-sales-mm
2026-09-15 18:30,USD,Low,Empire State Manufacturing Index,this,https://www.forexfactory.com/calendar/207-us-empire-state-manufacturing-index
2026-09-15 20:50,NZD,Low,GDT Price Index,this,https://www.forexfactory.com/calendar/602-nz-gdt-price-index
2026-09-16 02:30,USD,Low,API Weekly Statistical Bulletin,this,https://www.forexfactory.com/calendar/754-us-api-weekly-statistical-bulletin
2026-09-16 03:00,NZD,Low,Westpac Consumer Sentiment,this,https://www.forexfactory.com/calendar/339-nz-westpac-consumer-sentiment
2026-09-16 04:45,NZD,Low,Current Account,this,https://www.forexfactory.com/calendar/215-nz-current-account
2026-09-16 05:50,JPY,Low,Core Machinery Orders m/m,this,https://www.forexfactory.com/calendar/354-jn-core-machinery-orders-mm
2026-09-16 05:50,JPY,Low,Trade Balance,this,https://www.forexfactory.com/calendar/123-jn-trade-balance
2026-09-16 06:30,AUD,Low,MI Leading Index m/m,this,https://www.forexfactory.com/calendar/303-au-mi-leading-index-mm
2026-09-16 12:00,GBP,High,CPI y/y,this,https://www.forexfactory.com/calendar/82-uk-cpi-yy
2026-09-16 12:00,GBP,Low,Core CPI y/y,this,https://www.forexfactory.com/calendar/83-uk-core-cpi-yy
2026-09-16 12:00,GBP,Low,PPI Input m/m,this,https://www.forexfactory.com/calendar/92-uk-ppi-input-mm
2026-09-16 12:00,GBP,Low,PPI Output m/m,this,https://www.forexfactory.com/calendar/93-uk-ppi-output-mm
2026-09-16 12:00,GBP,Low,RPI y/y,this,https://www.forexfactory.com/calendar/84-uk-rpi-yy
2026-09-16 14:30,GBP,Low,HPI y/y,this,https://www.forexfactory.com/calendar/639-uk-hpi-yy
2026-09-16 15:00,EUR,Low,Industrial Production m/m,this,https://www.forexfactory.com/calendar/220-ez-industrial-production-mm
2026-09-16 15:34,EUR,Low,German 30-y Bond Auction,this,https://www.forexfactory.com/calendar/541-ge-30-y-bond-auction
2026-09-16 18:15,CAD,Low,Housing Starts,this,https://www.forexfactory.com/calendar/201-ca-housing-starts
2026-09-16 18:30,CAD,Low,Building Permits m/m,this,https://www.forexfactory.com/calendar/200-ca-building-permits-mm
2026-09-16 18:30,USD,Medium,Core Retail Sales m/m,this,https://www.forexfactory.com/calendar/112-us-core-retail-sales-mm
2026-09-16 18:30,USD,Medium,Retail Sales m/m,this,https://www.forexfactory.com/calendar/102-us-retail-sales-mm
2026-09-16 18:30,USD,Low,Import Prices m/m,this,https://www.forexfactory.com/calendar/256-us-import-prices-mm
2026-09-16 20:00,USD,Low,Business Inventories m/m,this,https://www.forexfactory.com/calendar/153-us-business-inventories-mm
2026-09-16 20:00,USD,Low,NAHB Housing Market Index,this,https://www.forexfactory.com/calendar/162-us-nahb-housing-market-index
2026-09-16 20:30,USD,Low,Crude Oil Inventories,this,https://www.forexfactory.com/calendar/10-us-crude-oil-inventories
2026-09-16 23:30,CAD,Low,BOC Summary of Deliberations,this,https://www.forexfactory.com/calendar/891-ca-boc-summary-of-deliberations
2026-09-17 00:00,USD,High,Federal Funds Rate,this,https://www.forexfactory.com/calendar/1-us-federal-funds-rate
2026-09-17 00:00,USD,High,FOMC Economic Projections,this,https://www.forexfactory.com/calendar/527-us-fomc-economic-projections
2026-09-17 00:00,USD,High,FOMC Statement,this,https://www.forexfactory.com/calendar/4-us-fomc-statement
2026-09-17 00:30,USD,High,FOMC Press Conference,this,https://www.forexfactory.com/calendar/512-us-fomc-press-conference
2026-09-17 02:00,USD,Low,TIC Long-Term Purchases,this,https://www.forexfactory.com/calendar/372-us-tic-long-term-purchases
2026-09-17 04:45,NZD,High,GDP q/q,this,https://www.forexfactory.com/calendar/30-nz-gdp-qq
2026-09-17 13:00,CHF,Low,SECO Economic Forecasts,this,https://www.forexfactory.com/calendar/479-sz-seco-economic-forecasts
2026-09-17 15:00,EUR,Low,Final Core CPI y/y,this,https://www.forexfactory.com/calendar/167-ez-final-core-cpi-yy
2026-09-17 15:00,EUR,Low,Final CPI y/y,this,https://www.forexfactory.com/calendar/166-ez-final-cpi-yy
2026-09-17 15:03,EUR,Low,Spanish 10-y Bond Auction,this,https://www.forexfactory.com/calendar/525-sp-10-y-bond-auction
2026-09-17 17:00,GBP,High,Monetary Policy Summary,this,https://www.forexfactory.com/calendar/628-uk-monetary-policy-summary
2026-09-17 17:00,GBP,High,MPC Official Bank Rate Votes,this,https://www.forexfactory.com/calendar/305-uk-mpc-official-bank-rate-votes
2026-09-17 17:00,GBP,High,Official Bank Rate,this,https://www.forexfactory.com/calendar/15-uk-official-bank-rate
2026-09-17 18:30,CAD,Low,Foreign Securities Purchases,this,https://www.forexfactory.com/calendar/374-ca-foreign-securities-purchases
2026-09-17 18:30,CAD,Low,IPPI m/m,this,https://www.forexfactory.com/calendar/90-ca-ippi-mm
2026-09-17 18:30,CAD,Low,RMPI m/m,this,https://www.forexfactory.com/calendar/91-ca-rmpi-mm
2026-09-17 18:30,USD,Medium,Philly Fed Manufacturing Index,this,https://www.forexfactory.com/calendar/325-us-philly-fed-manufacturing-index
2026-09-17 18:30,USD,Medium,Unemployment Claims,this,https://www.forexfactory.com/calendar/11-us-unemployment-claims
2026-09-17 18:30,USD,Low,Building Permits,this,https://www.forexfactory.com/calendar/198-us-building-permits
2026-09-17 18:30,USD,Low,Housing Starts,this,https://www.forexfactory.com/calendar/199-us-housing-starts
2026-09-17 20:00,USD,Low,Pending Home Sales m/m,this,https://www.forexfactory.com/calendar/233-us-pending-home-sales-mm
2026-09-17 20:30,AUD,Low,CB Leading Index m/m,this,https://www.forexfactory.com/calendar/247-au-cb-leading-index-mm
2026-09-17 20:30,USD,Low,Natural Gas Storage,this,https://www.forexfactory.com/calendar/26-us-natural-gas-storage
2026-09-18 04:45,NZD,Low,FPI m/m,this,https://www.forexfactory.com/calendar/101-nz-fpi-mm
2026-09-18 04:45,NZD,Low,Trade Balance,this,https://www.forexfactory.com/calendar/121-nz-trade-balance
2026-09-18 05:01,GBP,Low,GfK Consumer Confidence,this,https://www.forexfactory.com/calendar/188-uk-gfk-consumer-confidence
2026-09-18 05:30,AUD,Medium,RBA Gov Bullock Speaks,this,https://www.forexfactory.com/calendar/671-au-rba-gov-bullock-speaks
2026-09-18 05:30,JPY,Low,National Core CPI y/y,this,https://www.forexfactory.com/calendar/174-jn-national-core-cpi-yy
2026-09-18 08:30,JPY,High,BOJ Policy Rate,this,https://www.forexfactory.com/calendar/641-jn-boj-policy-rate
2026-09-18 08:30,JPY,High,Monetary Policy Statement,this,https://www.forexfactory.com/calendar/371-jn-monetary-policy-statement
2026-09-18 11:30,JPY,High,BOJ Press Conference,this,https://www.forexfactory.com/calendar/20-jn-boj-press-conference
2026-09-18 12:00,EUR,Low,German PPI m/m,this,https://www.forexfactory.com/calendar/88-ge-ppi-mm
2026-09-18 12:00,GBP,Medium,Retail Sales m/m,this,https://www.forexfactory.com/calendar/105-uk-retail-sales-mm
2026-09-18 14:00,EUR,Low,Current Account,this,https://www.forexfactory.com/calendar/218-ez-current-account
2026-09-18 19:15,USD,Low,Capacity Utilization Rate,this,https://www.forexfactory.com/calendar/192-us-capacity-utilization-rate
2026-09-18 19:15,USD,Low,Industrial Production m/m,this,https://www.forexfactory.com/calendar/191-us-industrial-production-mm
2026-09-18 19:30,USD,Low,FOMC Member Bowman Speaks,this,https://www.forexfactory.com/calendar/812-us-fomc-member-bowman-speaks
2026-09-18 20:00,USD,Low,CB Leading Index m/m,this,https://www.forexfactory.com/calendar/297-us-cb-leading-index-mm
