timestamp,ticket,symbol,direction,profit,r_multiple,close_time,duration_minutes,entry_price,exit_price,volume,commission,swap,exit_type
2026-01-21T18:58:31.090391+00:00,687597184,AUDUSD,LONG,167.4,1050.8474576271553,2026-01-21T15:21:12+00:00,350.05,0.67531,0.67655,1.35,0.0,0.0,sl
2026-01-21T18:58:31.127936+00:00,688002377,LTCUSD,SHORT,3548.0,0.0429184549356223,2026-01-21T18:56:37+00:00,440.95,68.02,67.52,70.96,0.0,0.0,tp
2026-03-01T07:57:12.661183+00:00,897642224,BNBUSD,SHORT,-381.1,-0.09999999999999996,2026-03-01T03:50:52+00:00,965.25,589.61,627.72,1.0,0.0,0.0,sl
2026-03-15T17:52:55.900053+00:00,981573847,SOLUSD,SHORT,-68.0,-1.0000000000000004,2026-03-15T20:52:51+00:00,194.58333333333334,87.46,88.82,5.0,0.0,0.0,sl,
2026-03-16T12:42:31.553951+00:00,984092185,SP500,LONG,23.42,0.4364517331345521,2026-03-16T15:42:22+00:00,401.96666666666664,6677.96,6701.38,1.0,0.0,0.0,tp,
2026-03-16T15:02:07.844319+00:00,984095458,SOLUSD,LONG,-42.5,-0.22368421052631596,2026-03-16T18:01:43+00:00,540.1666666666666,94.21,93.36,5.0,0.0,0.0,be,
2026-03-16T15:24:08.496132+00:00,987278399,NAS100,LONG,60.38,0.26080946827350643,2026-03-16T18:24:05+00:00,19.216666666666665,24682.7,24743.08,1.0,0.0,0.0,tp,
2026-03-16T15:50:39.164188+00:00,987384961,BTCUSD,LONG,-41.92,-0.9999284402356798,2026-03-16T18:50:20+00:00,28.866666666666667,73821.62,73402.39,0.1,0.0,0.0,sl,
2026-03-16T18:08:43.080636+00:00,987565617,SOLUSD,LONG,25.0,0.10504201680672258,2026-03-16T21:08:26+00:00,136.96666666666667,93.78,94.28,5.0,0.0,0.0,tp,
2026-03-16T18:37:43.868438+00:00,987267685,AUDUSD,LONG,99.0,0.1386554621848733,2026-03-16T21:37:35+00:00,214.31666666666666,0.70643,0.70742,1.0,0.0,0.0,tp,
2026-03-16T18:49:14.228691+00:00,987280615,XAUUSD,SHORT,-310.35,-1.0000000000000193,2026-03-16T21:48:54+00:00,223.8,4996.72,5017.41,0.15,0.0,0.0,sl,
2026-03-16T19:10:14.884194+00:00,988337028,NAS100,LONG,73.59,2.327324478178443,2026-03-16T22:09:58+00:00,58.95,24724.55,24798.14,1.0,0.0,0.0,tp,
2026-03-16T19:11:14.928680+00:00,987260085,SP500,LONG,13.5,0.5836575875486354,2026-03-16T22:11:06+00:00,248.7,6707.81,6721.31,1.0,0.0,0.0,trailing,
2026-03-16T20:15:46.771019+00:00,988563577,SOLUSD,LONG,25.0,0.09157509157509144,2026-03-16T23:15:27+00:00,71.81666666666666,94.73,95.23,5.0,0.0,0.0,tp,
2026-03-16T20:34:17.966344+00:00,988870386,BNBUSD,SHORT,-34.3,-0.9999999999999813,2026-03-16T23:34:05+00:00,3.3,673.65,677.08,1.0,0.0,0.0,sl,
2026-03-16T21:36:19.595905+00:00,984095210,LTCUSD,LONG,223.39,0.16425735294117652,2026-03-17T00:36:14+00:00,934.7333333333333,57.97,58.47,5.0,0.0,-26.61,tp,
2026-03-17T00:03:23.400018+00:00,987267510,USDJPY,SHORT,-43.93,-0.21187305878787074,2026-03-17T03:03:23+00:00,540.15,159.152,159.205,1.0,0.0,-10.64,be,
2026-03-17T04:21:31.329525+00:00,988971936,LTCUSD,LONG,-736.44,-1.0000000000000007,2026-03-17T07:21:28+00:00,395.93333333333334,59.4,57.36,3.61,0.0,0.0,sl,
2026-03-17T08:41:42.864750+00:00,990781736,SOLUSD,LONG,24.0,0.09696969696969691,2026-03-17T11:41:31+00:00,149.91666666666666,94.09,94.57,5.0,0.0,0.0,tp,
2026-03-17T09:26:16.021371+00:00,990688323,SP500,SHORT,-21.21,-0.9999999999999983,2026-03-17T12:26:13+00:00,205.81666666666666,6672.18,6693.39,1.0,0.0,0.0,sl,
2026-03-17T13:52:32.893137+00:00,990714525,BNBUSD,SHORT,72.4,0.5727848101265829,2026-03-17T16:52:06+00:00,469.45,672.69,665.45,1.0,0.0,0.0,tp,
2026-03-17T13:53:02.920127+00:00,992938973,SP500,LONG,1.0,0.010851871947911058,2026-03-17T16:52:52+00:00,0.4666666666666667,6751.86,6752.86,1.0,0.0,0.0,tp,
2026-03-17T15:00:35.261702+00:00,991399636,BTCUSD,LONG,0.05,0.00019620769762039252,2026-03-17T18:00:23+00:00,376.8,74437.07,74437.57,0.1,0.0,0.0,tp,
2026-03-17T15:01:35.311083+00:00,992990891,SOLUSD,LONG,25.0,0.10224948875255623,2026-03-17T18:01:25+00:00,63.96666666666667,94.15,94.65,5.0,0.0,0.0,tp,
2026-03-17T22:00:43.265285+00:00,993420737,SP500,LONG,-24.169999999999998,-0.280981167170427,2026-03-18T01:00:27+00:00,420.05,6745.86,6723.05,1.0,0.0,-1.3599999999999999,be,
2026-03-17T22:53:45.397322+00:00,992950002,USDJPY,SHORT,-46.49,-0.24879350471380723,2026-03-18T01:53:27+00:00,540.2333333333333,158.927,158.984,1.0,0.0,-10.64,be,
2026-03-18T02:01:52.932204+00:00,993434501,BTCUSD,LONG,-62.65,-0.4562834565383625,2026-03-18T05:01:47+00:00,660.2833333333333,74678.8,74093.71,0.1,0.0,-4.14,be,
2026-03-18T11:37:00.426261+00:00,993423824,BNBUSD,SHORT,43.23,0.354054054054053,2026-03-18T14:36:47+00:00,1236.15,669.75,664.81,1.0,0.0,-6.17,tp,
2026-03-18T11:37:30.461671+00:00,996467418,SOLUSD,SHORT,66.0,0.7810650887573976,2026-03-18T14:37:03+00:00,336.18333333333334,93.73,92.41,5.0,0.0,0.0,tp,
2026-03-18T11:39:00.552383+00:00,998073567,SP500,SHORT,-1.25,-1.0,2026-03-18T14:38:43+00:00,1.1166666666666667,6742.73,6743.98,1.0,0.0,0.0,be,
2026-03-18T11:40:30.651454+00:00,998079072,XAUUSD,SHORT,49.59,0.07825592955546104,2026-03-18T14:40:14+00:00,1.9333333333333333,4950.22,4944.71,0.09,0.0,0.0,tp,
2026-03-18T12:04:31.490840+00:00,998283955,NAS100,SHORT,33.41,0.3775994575045071,2026-03-18T15:04:02+00:00,3.966666666666667,24917.85,24884.44,1.0,0.0,0.0,tp,
2026-03-18T12:05:31.554947+00:00,998224204,SP500,SHORT,10.76,0.5445344129554847,2026-03-18T15:05:22+00:00,11.766666666666667,6744.6,6733.84,1.0,0.0,0.0,tp,
2026-03-18T12:33:03.050468+00:00,998501783,SOLUSD,SHORT,25.0,0.14619883040935666,2026-03-18T15:32:34+00:00,13.816666666666666,91.52,91.02,5.0,0.0,0.0,tp,
2026-03-18T12:33:33.085795+00:00,998399108,BNBUSD,SHORT,5.5,0.04053058216654404,2026-03-18T15:33:04+00:00,23.166666666666668,658.86,658.31,1.0,0.0,0.0,tp,
2026-03-18T12:38:33.282401+00:00,998330815,USDJPY,LONG,157.58,1.4079330359550781,2026-03-18T15:38:11+00:00,33.766666666666666,159.038,159.289,1.0,0.0,0.0,tp,
2026-03-18T12:49:03.704920+00:00,992950158,AUDUSD,LONG,-496.36,-1.0007258064516202,2026-03-18T15:48:43+00:00,1375.4666666666667,0.71104,0.70608,1.0,0.0,-0.36,sl,
2026-03-19T13:13:24.210353+00:00,1004327528,BNBUSD,SHORT,96.0,1.6666666666666694,2026-03-19T16:13:10+00:00,432.85,647.91,638.31,1.0,0.0,0.0,tp,
2026-03-19T13:54:56.830217+00:00,1008683257,BNBUSD,SHORT,-57.6,-1.0000000000000016,2026-03-19T16:54:56+00:00,24.616666666666667,637.33,643.09,1.0,0.0,0.0,sl,
2026-03-19T22:55:23.739567+00:00,1009061557,SOLUSD,SHORT,-27.26,-0.4193846153846163,2026-03-20T01:55:13+00:00,540.1666666666666,88.4,88.97,5.0,0.0,1.24,be,
2026-03-20T08:10:49.988562+00:00,1014311562,BTCUSD,SHORT,-69.52,-1.0000143845567364,2026-03-20T11:10:27+00:00,129.38333333333333,70512.83,71208.02,0.1,0.0,0.0,sl,
2026-03-20T08:11:50.045183+00:00,1014960697,SOLUSD,SHORT,-27.5,-1.000000000000005,2026-03-20T11:11:23+00:00,0.38333333333333336,90.04,90.59,5.0,0.0,0.0,sl,
2026-03-20T08:47:51.919310+00:00,1014991857,XAUUSD,LONG,-297.44,-1.0000000000000013,2026-03-20T11:47:40+00:00,31.05,4719.17,4692.13,0.11,0.0,0.0,sl,
2026-03-20T09:03:22.606578+00:00,1014992339,AUDUSD,LONG,-116.0,-0.9999999999999571,2026-03-20T12:03:00+00:00,46.266666666666666,0.70938,0.70822,1.0,0.0,0.0,sl,
2026-03-20T09:15:23.061744+00:00,1015041002,SOLUSD,LONG,-53.0,-0.9999999999999979,2026-03-20T12:14:54+00:00,51.916666666666664,90.15,89.09,5.0,0.0,0.0,sl,
2026-03-22T00:01:44.508075+00:00,998821977,LTCUSD,SHORT,243.95999999999998,0.22190689297604058,2026-03-22T03:01:29+00:00,4994.816666666667,55.41,54.9,4.38,0.0,20.58,tp,
2026-03-23T11:05:56.506308+00:00,1026904181,SOLUSD,SHORT,-61.5,-0.9999999999999968,2026-03-23T14:05:31+00:00,269.73333333333335,86.19,87.42,5.0,0.0,0.0,sl,
2026-03-23T11:05:56.531618+00:00,1026873278,BTCUSD,SHORT,-81.71,-0.9999265749669544,2026-03-23T14:05:29+00:00,271.78333333333336,68435.67,69252.83,0.1,0.0,0.0,sl,
2026-03-23T11:05:56.551110+00:00,1026498023,SP500,SHORT,-45.85,-1.000000000000012,2026-03-23T14:05:29+00:00,298.8833333333333,6479.6,6525.45,1.0,0.0,0.0,sl,
2026-03-23T11:30:27.590855+00:00,1030819109,AUDUSD,SHORT,-297.6,-1.0000000000000149,2026-03-23T14:30:04+00:00,6.633333333333334,0.69754,0.70126,0.8,0.0,0.0,sl,
2026-03-23T11:40:27.955060+00:00,1030998429,SP500,LONG,-30.41,-1.0000000000000049,2026-03-23T14:40:13+00:00,5.45,6677.46,6647.05,1.0,0.0,0.0,sl,
2026-03-23T13:08:04.745344+00:00,1031562524,USDJPY,SHORT,161.38,0.6748189636842187,2026-03-23T16:08:03+00:00,58.63333333333333,158.887,158.631,1.0,0.0,0.0,trailing,
2026-03-23T14:24:39.031821+00:00,1033415423,LTCUSD,SHORT,-298.68,-0.9999999999999997,2026-03-23T17:24:35+00:00,2.9166666666666665,55.25,56.39,2.62,0.0,0.0,sl,
2026-03-23T14:51:10.395613+00:00,1031468831,SOLUSD,LONG,87.0,0.9456521739130417,2026-03-23T17:51:09+00:00,167.46666666666667,89.06,90.8,5.0,0.0,0.0,trailing,
2026-03-23T15:46:13.496243+00:00,1034087522,SOLUSD,LONG,-101.0,-1.000000000000002,2026-03-23T18:46:01+00:00,32.31666666666667,92.11,90.09,5.0,0.0,0.0,sl,
2026-03-23T18:36:52.913371+00:00,1034651780,XAUUSD,SHORT,-309.08,-1.000000000000006,2026-03-23T21:36:23+00:00,158.95,4369.13,4446.4,0.04,0.0,0.0,sl,
2026-03-23T18:52:53.659610+00:00,1032984651,USDJPY,SHORT,188.49,0.6242089822648582,2026-03-23T21:52:43+00:00,303.28333333333336,158.508,158.14,0.81,0.0,0.0,trailing,
2026-03-23T18:52:53.675344+00:00,1032826925,USDJPY,SHORT,228.96,0.7636670982396138,2026-03-23T21:52:43+00:00,313.3,158.587,158.14,0.81,0.0,0.0,trailing,
2026-03-23T19:23:03.235496+00:00,1031747552,SP500,LONG,-16.51,-0.29107898448518915,2026-03-23T22:22:43+00:00,420.1166666666667,6625.51,6609.0,1.0,0.0,0.0,be,
2026-03-23T19:25:33.342828+00:00,1031772814,NAS100,LONG,-21.3,-0.10989010989011097,2026-03-23T22:25:23+00:00,420.31666666666666,24322.05,24300.75,1.0,0.0,0.0,be,
2026-03-24T07:02:57.495697+00:00,1040445558,BNBUSD,SHORT,-49.1,-1.0000000000000064,2026-03-24T10:02:44+00:00,61.483333333333334,627.89,632.8,1.0,0.0,0.0,sl,
2026-03-24T07:10:57.812513+00:00,1040566229,SP500,SHORT,-40.1,-0.999999999999991,2026-03-24T10:10:31+00:00,55.45,6559.7,6599.8,1.0,0.0,0.0,sl,
2026-03-24T07:13:27.935689+00:00,1040989615,USDJPY,SHORT,120.57,1.2104770139241499,2026-03-24T10:13:04+00:00,11.166666666666666,158.608,158.417,1.0,0.0,0.0,tp,
2026-03-24T07:23:28.273220+00:00,1040991329,BTCUSD,LONG,49.34,1.9771588859947675,2026-03-24T10:23:19+00:00,21.216666666666665,70519.74,71013.11,0.1,0.0,0.0,tp,
2026-03-24T12:13:50.780317+00:00,1041555659,XAUUSD,LONG,-297.5,-1.0,2026-03-24T11:20:45+00:00,6.983333333333333,4419.23,4397.98,0.14,0.0,0.0,sl,
2026-03-24T12:13:50.807647+00:00,1041011517,SOLUSD,LONG,50.0,1.0526315789473653,2026-03-24T13:24:14+00:00,200.15,90.93,91.93,5.0,0.0,0.0,tp,
2026-03-24T13:07:22.975404+00:00,1043464150,SP500,SHORT,25.43,2.0007867820613634,2026-03-24T16:07:10+00:00,52.1,6573.12,6547.69,1.0,0.0,0.0,tp,
2026-03-24T13:20:23.659881+00:00,1043526171,SOLUSD,LONG,-53.0,-0.9999999999999979,2026-03-24T16:19:57+00:00,57.93333333333333,91.98,90.92,5.0,0.0,0.0,sl,
2026-03-24T13:31:24.077985+00:00,1043669476,NAS100,SHORT,19.89,0.35429283933022654,2026-03-24T16:31:14+00:00,57.7,24131.26,24111.37,1.0,0.0,0.0,trailing,
2026-03-24T13:34:54.346358+00:00,1044344266,SP500,SHORT,-16.99,-1.0000000000000127,2026-03-24T16:34:47+00:00,3.716666666666667,6542.45,6559.44,1.0,0.0,0.0,sl,
2026-03-24T13:50:24.922159+00:00,1044596326,BNBUSD,SHORT,-29.8,-0.9999999999999939,2026-03-24T16:50:10+00:00,0.9166666666666666,631.65,634.63,1.0,0.0,0.0,sl,
2026-03-24T14:07:55.644190+00:00,1044548996,NAS100,SHORT,-71.72,-0.9999999999999838,2026-03-24T17:07:25+00:00,21.883333333333333,24013.46,24085.18,1.0,0.0,0.0,sl,
2026-03-24T14:22:26.147657+00:00,1043835851,USDJPY,LONG,-94.54,-1.0009454013332955,2026-03-24T17:22:10+00:00,96.28333333333333,158.818,158.668,1.0,0.0,0.0,sl,
2026-03-24T14:25:26.267652+00:00,1044776788,SOLUSD,LONG,-58.5,-0.9999999999999986,2026-03-24T17:25:07+00:00,23.033333333333335,90.19,89.02,5.0,0.0,0.0,sl,
2026-03-24T16:50:31.884441+00:00,1041341348,XAUUSD,LONG,0.69,0.002297243308030366,2026-03-24T19:50:03+00:00,540.2833333333333,4423.03,4423.26,0.03,0.0,0.0,be,
2026-03-24T17:05:32.323724+00:00,1030560963,AUDUSD,LONG,-301.07,-0.999170317270681,2026-03-24T20:05:19+00:00,1793.8833333333334,0.70385,0.69413,0.31,0.0,0.25,sl,
2026-03-25T11:48:00.697165+00:00,1050569519,BTCUSD,LONG,55.34,0.8034495775138665,2026-03-25T14:47:40+00:00,347.05,71137.36,71690.79,0.1,0.0,0.0,trailing,
2026-03-25T12:16:01.870405+00:00,1052740388,SP500,LONG,0.0,0.0,2026-03-25T15:15:57+00:00,16.383333333333333,6626.11,6626.11,1.0,0.0,0.0,be,
2026-03-25T12:17:01.913335+00:00,1052728161,XAUUSD,LONG,-140.1,-0.9999999999999843,2026-03-25T15:16:41+00:00,20.416666666666668,4577.82,4568.48,0.15,0.0,0.0,sl,
2026-03-25T12:23:32.183156+00:00,1052749382,USDJPY,SHORT,-103.79,-0.9990447981816943,2026-03-25T15:23:02+00:00,22.633333333333333,158.813,158.978,1.0,0.0,0.0,sl,
2026-03-25T12:31:32.442076+00:00,1052744964,NAS100,LONG,-120.96,-1.000000000000007,2026-03-25T15:31:30+00:00,31.466666666666665,24331.86,24210.9,1.0,0.0,0.0,sl,
2026-03-25T13:04:03.464748+00:00,1053291143,AUDUSD,SHORT,-104.0,-0.9999999999999608,2026-03-25T16:03:57+00:00,9.566666666666666,0.69575,0.69679,1.0,0.0,0.0,sl,
2026-03-25T13:44:39.583584+00:00,1053618225,NAS100,LONG,0.0,0.0,2026-03-25T16:44:18+00:00,14.2,24277.66,24277.66,1.0,0.0,0.0,be,
2026-03-25T13:51:09.812287+00:00,1053621468,XAUUSD,LONG,-286.0,-1.000000000000019,2026-03-25T16:50:40+00:00,20.4,4572.78,4544.18,0.1,0.0,0.0,sl,
2026-03-25T14:08:40.435813+00:00,1053623536,USDJPY,LONG,63.48,0.6349038037736177,2026-03-25T17:08:10+00:00,37.78333333333333,159.012,159.113,1.0,0.0,0.0,trailing,
2026-03-25T15:07:12.443259+00:00,1053625726,BTCUSD,LONG,-66.16,-0.9999546574369509,2026-03-25T18:07:03+00:00,96.45,71813.09,71151.46,0.1,0.0,0.0,sl,
2026-03-25T15:08:12.497618+00:00,1050688232,SOLUSD,LONG,-62.0,-0.9999999999999927,2026-03-25T18:07:45+00:00,531.15,92.62,91.38,5.0,0.0,0.0,sl,
2026-03-25T15:24:12.963792+00:00,1054607193,SP500,SHORT,0.0,0.0,2026-03-25T18:23:45+00:00,8.183333333333334,6597.4,6597.4,1.0,0.0,0.0,be,
2026-03-25T15:32:13.223362+00:00,1054733151,NAS100,SHORT,-70.63,-1.000000000000037,2026-03-25T18:31:57+00:00,7.85,24196.06,24266.69,1.0,0.0,0.0,sl,
2026-03-25T19:16:56.214866+00:00,1054546302,USDJPY,LONG,208.85,1.096731316831693,2026-03-25T22:16:48+00:00,248.38333333333333,159.114,159.447,1.0,0.0,0.0,trailing,
2026-03-26T02:46:42.750312+00:00,1054545851,AUDUSD,SHORT,248.1,0.8674825174825256,2026-03-26T05:46:26+00:00,698.05,0.69642,0.69387,1.0,0.0,-6.9,trailing,
2026-03-26T06:01:18.059747+00:00,1059294021,BTCUSD,SHORT,-6.03,-0.9991714995858944,2026-03-26T09:00:49+00:00,0.1,69959.66,70020.01,0.1,0.0,0.0,sl,
2026-03-26T06:08:18.413408+00:00,1059319677,BNBUSD,SHORT,-44.8,-0.9999999999999959,2026-03-26T09:08:10+00:00,6.3,632.72,637.2,1.0,0.0,0.0,sl,
2026-03-26T06:48:52.243631+00:00,1059665517,BTCUSD,SHORT,-6.35,-1.000630318310646,2026-03-26T09:48:36+00:00,13.75,70024.84,70088.3,0.1,0.0,0.0,sl,
2026-03-26T07:54:29.864066+00:00,1059914662,USDJPY,SHORT,-101.57,-0.9990914240742115,2026-03-26T10:54:05+00:00,49.65,159.33,159.492,1.0,0.0,0.0,sl,
2026-03-26T08:44:02.643360+00:00,1059939511,XAUUSD,SHORT,430.69,1.4704837993786226,2026-03-26T11:43:57+00:00,97.5,4448.29,4415.16,0.13,0.0,0.0,tp,
2026-03-26T08:48:32.825114+00:00,1059309469,SP500,SHORT,16.58,1.213762811127311,2026-03-26T11:48:33+00:00,166.93333333333334,6568.65,6552.07,1.0,0.0,0.0,tp,
2026-03-26T09:58:37.420932+00:00,1060034020,AUDUSD,SHORT,47.0,0.443396226415069,2026-03-26T12:58:11+00:00,157.75,0.69422,0.69375,1.0,0.0,0.0,trailing,
2026-03-26T13:08:20.972637+00:00,1060217658,BTCUSD,SHORT,52.21,0.8909708356798038,2026-03-26T16:08:00+00:00,325.25,70046.99,69524.94,0.1,0.0,0.0,trailing,
2026-03-26T13:45:23.230310+00:00,1063165340,BNBUSD,SHORT,-45.6,-0.9999999999999871,2026-03-26T16:45:20+00:00,13.466666666666667,629.03,633.59,1.0,0.0,0.0,sl,
2026-03-26T13:45:53.270316+00:00,1063144888,NAS100,SHORT,-65.86,-1.0000000000000464,2026-03-26T16:45:29+00:00,15.25,23944.81,24010.67,1.0,0.0,0.0,sl,
2026-03-26T15:01:00.613803+00:00,1059294281,SOLUSD,SHORT,56.0,1.1313131313131373,2026-03-26T18:00:55+00:00,540.1666666666666,88.9,87.78,5.0,0.0,0.0,be,
2026-03-26T17:44:10.037098+00:00,1064045699,NAS100,SHORT,234.14,1.5624958291625108,2026-03-26T20:43:41+00:00,185.6,23991.16,23757.02,1.0,0.0,0.0,tp,
2026-03-26T17:55:40.444484+00:00,1063407088,AUDUSD,SHORT,344.0,1.7823834196891313,2026-03-26T20:55:37+00:00,249.18333333333334,0.69231,0.68887,1.0,0.0,0.0,tp,
2026-03-26T17:59:10.586003+00:00,1064368207,SP500,SHORT,55.52,1.5447968836950645,2026-03-26T20:58:53+00:00,177.26666666666668,6552.25,6496.73,1.0,0.0,0.0,tp,
2026-03-26T18:33:41.627252+00:00,1064171193,USDJPY,LONG,122.06,0.97874332361803,2026-03-26T21:33:29+00:00,227.06666666666666,159.568,159.763,1.0,0.0,0.0,trailing,
2026-03-27T08:51:58.812385+00:00,1070296032,BTCUSD,SHORT,70.45,1.075671053837013,2026-03-27T11:51:34+00:00,158.81666666666666,68684.82,67980.26,0.1,0.0,0.0,trailing,
2026-03-27T10:39:05.575655+00:00,1070295929,SOLUSD,SHORT,92.0,1.6576576576576585,2026-03-27T13:38:36+00:00,265.8833333333333,85.83,83.99,5.0,0.0,0.0,tp,
2026-03-27T11:01:36.618313+00:00,1071396752,BNBUSD,SHORT,103.0,2.4999999999999973,2026-03-27T14:01:08+00:00,117.26666666666667,618.82,608.52,1.0,0.0,0.0,tp,
2026-03-27T13:24:46.215987+00:00,1071383202,SP500,SHORT,29.04,0.801545680375369,2026-03-27T16:24:39+00:00,263.03333333333336,6481.53,6452.49,1.0,0.0,0.0,trailing,
2026-03-27T14:03:47.725469+00:00,1071322326,XAUUSD,SHORT,-317.7,-0.9999999999999862,2026-03-27T17:03:18+00:00,308.96666666666664,4430.48,4451.66,0.15,0.0,0.0,sl,
2026-03-27T14:23:48.468106+00:00,1071922499,BTCUSD,SHORT,120.46,1.861651160634218,2026-03-27T17:23:25+00:00,224.53333333333333,67033.9,65829.3,0.1,0.0,0.0,tp,
2026-03-27T15:17:50.458890+00:00,1073859991,BNBUSD,SHORT,-65.6,-1.0000000000000082,2026-03-27T18:17:27+00:00,53.6,605.82,612.38,1.0,0.0,0.0,sl,
2026-03-27T15:23:50.745533+00:00,1074508820,NAS100,SHORT,-83.87,-0.9999999999999688,2026-03-27T18:23:50+00:00,5.766666666666667,23306.01,23389.88,1.0,0.0,0.0,sl,
2026-03-27T15:32:51.141102+00:00,1074518348,USDJPY,LONG,-123.97,-1.0012205388889948,2026-03-27T18:32:49+00:00,14.383333333333333,159.915,159.717,1.0,0.0,0.0,sl,
2026-03-27T18:37:13.546340+00:00,1071389909,AUDUSD,SHORT,224.0,0.8327137546468495,2026-03-27T21:37:07+00:00,574.6666666666666,0.68954,0.6873,1.0,0.0,0.0,trailing,
2026-03-27T18:43:43.807525+00:00,1074502091,SP500,SHORT,30.54,0.9983654789146732,2026-03-27T21:43:29+00:00,205.88333333333333,6425.45,6394.91,1.0,0.0,0.0,trailing,
2026-03-27T20:29:22.217133+00:00,1072283746,SOLUSD,SHORT,14.0,0.224,2026-03-27T23:28:55+00:00,540.1833333333333,83.09,82.81,5.0,0.0,0.0,be,
2026-03-27T23:45:39.427720+00:00,1076598295,BNBUSD,SHORT,-78.47,-1.0898611111111043,2026-03-28T02:45:11+00:00,195.2,608.05,615.25,1.0,0.0,-6.47,sl,
2026-03-28T02:19:14.626445+00:00,1074523110,BTCUSD,SHORT,14.49,0.17720868799530212,2026-03-28T05:18:56+00:00,660.2333333333333,66202.01,66075.37,0.1,0.0,1.83,be,
2026-03-28T06:17:20.299042+00:00,1076918833,SOLUSD,SHORT,-39.5,-1.00000000000001,2026-03-28T09:17:17+00:00,6.6,82.48,83.27,5.0,0.0,0.0,sl,
2026-03-28T09:06:33.304370+00:00,1076948005,SOLUSD,LONG,-36.5,-0.9999999999999946,2026-03-28T12:06:12+00:00,100.7,83.7,82.97,5.0,0.0,0.0,sl,
2026-03-28T10:04:05.148627+00:00,1077016042,SOLUSD,SHORT,-33.5,-0.9999999999999974,2026-03-28T13:04:01+00:00,22.516666666666666,82.75,83.42,5.0,0.0,0.0,sl,
2026-03-28T17:01:16.885982+00:00,1076914903,BTCUSD,LONG,52.47,0.16145161836246766,2026-03-28T20:00:49+00:00,660.1166666666667,66394.23,66918.91,0.1,0.0,0.0,be,
2026-03-28T23:10:56.619051+00:00,1077394845,BTCUSD,LONG,-43.25,-0.9998844064269958,2026-03-29T02:10:41+00:00,313.1,66872.42,66439.87,0.1,0.0,0.0,sl,
2026-03-29T08:08:04.568886+00:00,1077734257,SOLUSD,SHORT,-36.0,-1.0000000000000016,2026-03-29T11:07:57+00:00,4.766666666666667,82.13,82.85,5.0,0.0,0.0,sl,
2026-03-29T11:07:10.047136+00:00,1077757739,SOLUSD,SHORT,-37.0,-0.9999999999999877,2026-03-29T14:06:59+00:00,135.75,82.21,82.95,5.0,0.0,0.0,sl,
2026-03-29T15:00:28.900666+00:00,1077985485,BNBUSD,SHORT,-29.5,-1.000000000000023,2026-03-29T18:00:01+00:00,1.6666666666666667,607.82,610.77,1.0,0.0,0.0,sl,
2026-03-29T15:34:30.654691+00:00,1078021975,BNBUSD,SHORT,-30.5,-0.9999999999999777,2026-03-29T18:34:09+00:00,1.8833333333333333,606.39,609.44,1.0,0.0,0.0,sl,
2026-03-29T18:39:37.041099+00:00,1077876852,SOLUSD,SHORT,0.0,0.0,2026-03-29T21:39:18+00:00,378.01666666666665,82.17,82.17,5.0,0.0,0.0,be,
2026-03-30T15:03:14.269865+00:00,1081502660,XAUUSD,LONG,62.7,0.20433436532507773,2026-03-30T18:03:03+00:00,540.2833333333333,4525.43,4537.97,0.05,0.0,0.0,be,
2026-03-30T15:03:44.305859+00:00,1081505464,SOLUSD,LONG,0.5,0.007246376811594226,2026-03-30T18:03:23+00:00,540.2166666666667,84.07,84.08,5.0,0.0,0.0,be,
2026-03-30T17:03:53.559353+00:00,1081505234,BTCUSD,LONG,-21.34,-0.2581628579378423,2026-03-30T20:03:23+00:00,660.25,67562.7,67349.33,0.1,0.0,0.0,be,
2026-03-30T17:24:54.961780+00:00,1085635813,SOLUSD,LONG,-55.0,-0.9999999999999922,2026-03-30T20:24:40+00:00,115.51666666666667,84.4,83.3,5.0,0.0,0.0,sl,
2026-03-30T17:31:25.191404+00:00,1086411070,BNBUSD,SHORT,-32.2,-1.0000000000000269,2026-03-30T20:30:57+00:00,4.7,611.69,614.91,1.0,0.0,0.0,sl,
2026-03-30T17:44:55.623936+00:00,1085490267,NAS100,SHORT,125.24,0.8726917984809518,2026-03-30T20:44:46+00:00,154.23333333333332,23191.2,23065.96,1.0,0.0,0.0,trailing,
2026-03-30T19:01:28.853372+00:00,1086482320,XAUUSD,SHORT,330.3,2.0000000000001257,2026-03-30T22:01:18+00:00,84.53333333333333,4518.52,4496.5,0.15,0.0,0.0,tp,
2026-03-30T19:08:29.150053+00:00,1085535659,SP500,SHORT,55.17,1.5624468988954794,2026-03-30T22:08:23+00:00,232.31666666666666,6391.9,6336.73,1.0,0.0,0.0,tp,
2026-03-30T19:11:59.302168+00:00,1086277080,USDJPY,SHORT,-155.92,-0.9985955887550393,2026-03-30T22:11:29+00:00,124.6,159.449,159.698,1.0,0.0,0.0,sl,
2026-03-31T01:21:43.156537+00:00,1085491955,AUDUSD,SHORT,-191.41,-1.0074210526315723,2026-03-31T04:21:35+00:00,610.7,0.68469,0.68659,1.0,0.0,-1.41,sl,
2026-03-31T01:23:43.240220+00:00,1086693860,BNBUSD,SHORT,-57.660000000000004,-1.1261718749999992,2026-03-31T04:23:38+00:00,431.18333333333334,611.06,616.18,1.0,0.0,-6.46,sl,
2026-03-31T01:26:43.363587+00:00,1086632093,SOLUSD,SHORT,-51.85,-0.9783018867924639,2026-03-31T04:26:36+00:00,445.5,83.04,84.1,5.0,0.0,1.15,sl,
2026-03-31T07:12:32.357065+00:00,1090605843,BTCUSD,LONG,-26.43,-0.9998486797306081,2026-03-31T10:12:04+00:00,8.783333333333333,67508.13,67243.79,0.1,0.0,0.0,sl,
2026-03-31T07:17:02.570653+00:00,1090283622,SOLUSD,LONG,-62.0,-1.0000000000000042,2026-03-31T10:16:33+00:00,75.31666666666666,83.94,82.7,5.0,0.0,0.0,sl,
2026-03-31T11:11:43.036662+00:00,1091248408,BNBUSD,SHORT,0.0,0.0,2026-03-31T14:11:16+00:00,130.95,606.02,606.02,1.0,0.0,0.0,be,
2026-03-31T11:11:43.066969+00:00,1090279445,AUDUSD,SHORT,-220.0,-1.0000000000000093,2026-03-31T14:11:17+00:00,310.4166666666667,0.68489,0.68709,1.0,0.0,0.0,sl,
2026-03-31T12:00:49.041576+00:00,1091174551,SOLUSD,SHORT,51.5,0.8174603174603233,2026-03-31T15:00:34+00:00,197.33333333333334,82.29,81.26,5.0,0.0,0.0,trailing,
2026-03-31T12:09:19.418377+00:00,1092131566,AUDUSD,LONG,176.0,1.3858267716535508,2026-03-31T15:09:17+00:00,46.4,0.68709,0.68885,1.0,0.0,0.0,tp,
2026-03-31T12:19:49.879737+00:00,1092529677,BNBUSD,SHORT,-33.6,-0.999999999999996,2026-03-31T15:19:39+00:00,9.3,604.5,607.86,1.0,0.0,0.0,sl,
2026-03-31T13:02:34.119280+00:00,1090289455,SP500,SHORT,-22.51,-0.5472890833941148,2026-03-31T16:02:22+00:00,420.3,6399.16,6421.67,1.0,0.0,0.0,be,
2026-03-31T13:36:36.282717+00:00,1093139534,SP500,LONG,-3.35,-0.9999999999998914,2026-03-31T16:36:17+00:00,0.21666666666666667,6424.42,6421.07,1.0,0.0,0.0,sl,
2026-03-31T14:44:38.588694+00:00,1090462691,XAUUSD,LONG,241.2,0.8484592655128727,2026-03-31T17:44:09+00:00,491.2,4564.01,4604.21,0.06,0.0,0.0,trailing,
2026-03-31T16:40:13.441355+00:00,1093854970,BNBUSD,SHORT,-71.3,-1.0000000000000007,2026-03-31T19:39:53+00:00,107.41666666666667,606.29,613.42,1.0,0.0,0.0,sl,
2026-03-31T16:40:13.463396+00:00,1093947550,SP500,LONG,62.12,1.3445887445887499,2026-03-31T19:40:09+00:00,98.08333333333333,6428.92,6491.04,1.0,0.0,0.0,tp,
2026-03-31T17:56:23.180435+00:00,1093932258,XAUUSD,LONG,314.76,1.0464791541990803,2026-03-31T20:55:53+00:00,175.13333333333333,4605.21,4657.67,0.06,0.0,0.0,manual,
2026-03-31T17:56:23.212524+00:00,1092056702,NAS100,LONG,156.34,0.4798413828664026,2026-03-31T20:56:06+00:00,399.5833333333333,23219.5,23610.35,0.4,0.0,0.0,manual,
2026-04-01T06:20:09.039058+00:00,1098510300,BTCUSD,LONG,21.82,2.5002864672853193,2026-04-01T09:19:51+00:00,18.666666666666668,68498.83,68717.0,0.1,0.0,0.0,tp,
2026-04-01T06:25:09.241539+00:00,1098614960,XAUUSD,LONG,123.9,2.518292682927025,2026-04-01T09:24:48+00:00,4.05,4698.34,4706.6,0.15,0.0,0.0,tp,
2026-04-01T07:56:43.109000+00:00,1098875772,USDJPY,SHORT,-245.14,-0.9976630838046742,2026-04-01T10:56:31+00:00,55.43333333333333,158.299,158.688,1.0,0.0,0.0,sl,
2026-04-01T08:07:13.594524+00:00,1098536259,SOLUSD,LONG,-50.0,-1.0,2026-04-01T11:06:44+00:00,119.58333333333333,84.47,83.47,5.0,0.0,0.0,sl,
2026-04-01T08:11:43.846433+00:00,1098936292,BTCUSD,LONG,-67.98,-0.9999852900075056,2026-04-01T11:11:12+00:00,62.0,69193.68,68513.87,0.1,0.0,0.0,sl,
2026-04-01T08:18:14.105639+00:00,1099413828,BNBUSD,SHORT,-30.1,-1.000000000000003,2026-04-01T11:17:46+00:00,1.45,613.91,616.92,1.0,0.0,0.0,sl,
2026-04-01T08:51:48.362177+00:00,1099363309,XAUUSD,LONG,165.0,0.5723204994797011,2026-04-01T11:51:22+00:00,44.61666666666667,4721.22,4732.22,0.15,0.0,0.0,manual,
2026-04-01T09:40:50.179067+00:00,1099445286,SOLUSD,LONG,-50.5,-0.9999999999999949,2026-04-01T12:40:22+00:00,79.13333333333334,83.98,82.97,5.0,0.0,0.0,sl,
2026-04-01T09:45:50.401774+00:00,1099870649,BNBUSD,SHORT,-29.2,-0.999999999999975,2026-04-01T12:45:20+00:00,5.016666666666667,612.91,615.83,1.0,0.0,0.0,sl,
2026-04-01T12:37:35.152984+00:00,1100543930,SOLUSD,LONG,-48.5,-1.000000000000001,2026-04-01T15:37:07+00:00,43.96666666666667,83.7,82.73,5.0,0.0,0.0,sl,
2026-04-01T12:45:35.608556+00:00,1098515797,SP500,LONG,24.26,0.684730454417155,2026-04-01T15:45:10+00:00,403.1166666666667,6562.29,6586.55,1.0,0.0,0.0,trailing,
2026-04-01T15:37:19.729828+00:00,1101297463,SP500,LONG,33.29,1.100495867768595,2026-04-01T18:37:03+00:00,126.85,6572.42,6605.71,1.0,0.0,0.0,tp,
2026-04-01T15:43:20.027493+00:00,1099798218,XAUUSD,LONG,371.4,1.2221125370187649,2026-04-01T18:43:10+00:00,376.4166666666667,4720.91,4782.81,0.06,0.0,0.0,manual,
2026-04-01T15:44:20.086223+00:00,1100258775,NAS100,LONG,153.95,1.3396275670031104,2026-04-01T18:44:14+00:00,281.71666666666664,23974.95,24128.9,1.0,0.0,0.0,manual,
2026-04-01T18:19:26.948771+00:00,1098875532,AUDUSD,LONG,-248.0,-1.0000000000000298,2026-04-01T21:19:05+00:00,678.0166666666667,0.69446,0.69198,1.0,0.0,0.0,sl,
2026-04-02T12:44:05.373071+00:00,1107181325,BNBUSD,SHORT,107.4,1.665116279069785,2026-04-02T15:43:53+00:00,403.55,589.45,578.71,1.0,0.0,0.0,tp,
2026-04-02T13:26:07.112851+00:00,1109939669,BTCUSD,SHORT,0.0,0.0,2026-04-02T16:25:39+00:00,32.2,66101.01,66101.01,0.1,0.0,0.0,be,
2026-04-02T13:50:38.064293+00:00,1107187061,AUDUSD,SHORT,-215.0,-1.000000000000007,2026-04-02T16:50:32+00:00,469.6,0.68687,0.68902,1.0,0.0,0.0,sl,
2026-04-02T14:16:38.965956+00:00,1107186033,XAUUSD,SHORT,-271.24,-1.0000000000000075,2026-04-02T17:16:28+00:00,495.6666666666667,4593.09,4660.9,0.04,0.0,0.0,sl,
2026-04-02T14:24:11.400551+00:00,1107246088,SOLUSD,SHORT,10.5,0.12574850299401186,2026-04-02T17:23:46+00:00,498.55,78.89,78.68,5.0,0.0,0.0,trailing,
2026-04-02T14:34:11.881841+00:00,1111017174,SOLUSD,SHORT,-65.5,-1.000000000000009,2026-04-02T17:33:51+00:00,6.616666666666666,77.9,79.21,5.0,0.0,0.0,sl,
2026-04-02T14:36:11.983159+00:00,1110400088,BNBUSD,SHORT,-77.1,-0.9999999999999952,2026-04-02T17:35:57+00:00,61.6,570.98,578.69,1.0,0.0,0.0,sl,
2026-04-02T16:08:55.906715+00:00,1110982942,NAS100,LONG,108.41,0.6590674205118788,2026-04-02T19:08:55+00:00,104.35,23815.65,23924.06,1.0,0.0,0.0,trailing,
2026-04-02T16:19:56.346277+00:00,1111417888,SP500,LONG,-28.6,-0.9999999999999873,2026-04-02T19:19:34+00:00,79.46666666666667,6585.39,6556.79,1.0,0.0,0.0,sl,
2026-04-02T16:32:26.760275+00:00,1111719247,SOLUSD,SHORT,-59.5,-1.000000000000002,2026-04-02T19:32:26+00:00,57.18333333333333,78.39,79.58,5.0,0.0,0.0,sl,
2026-04-02T16:40:34.238638+00:00,1111325816,BNBUSD,SHORT,-83.2,-0.999999999999994,2026-04-02T19:40:09+00:00,109.8,573.29,581.61,1.0,0.0,0.0,sl,
2026-04-02T18:41:08.358606+00:00,1112329213,USDJPY,LONG,70.77,0.66429301235299,2026-04-02T21:40:41+00:00,97.76666666666667,159.564,159.677,1.0,0.0,0.0,trailing,
2026-04-02T18:52:08.726929+00:00,1112672960,BTCUSD,SHORT,-21.75,-1.0001379500620722,2026-04-02T21:51:49+00:00,46.583333333333336,66717.41,66934.88,0.1,0.0,0.0,sl,
2026-04-02T20:30:19.614318+00:00,1112191662,NAS100,LONG,92.2,0.9794964410920961,2026-04-02T23:30:04+00:00,229.5,23974.65,24066.85,1.0,0.0,0.0,be,
2026-04-02T21:02:25.935728+00:00,1112124086,AUDUSD,LONG,-192.98,-0.9998963730570015,2026-04-03T00:02:22+00:00,269.3,0.69145,0.68952,1.0,0.0,0.02,sl,
2026-04-03T06:38:13.799729+00:00,1113570192,SOLUSD,SHORT,-44.0,-0.999999999999989,2026-04-03T09:38:03+00:00,32.15,78.99,79.87,5.0,0.0,0.0,sl,
2026-04-03T07:08:44.853169+00:00,1113583633,SP500,SHORT,6.57,1.0000000000000444,2026-04-03T10:08:13+00:00,35.56666666666667,6573.83,6567.26,1.0,0.0,0.0,tp,
2026-04-03T08:07:16.892185+00:00,1113629486,BNBUSD,SHORT,-43.5,-1.0000000000000209,2026-04-03T11:06:47+00:00,15.733333333333333,584.96,589.31,1.0,0.0,0.0,sl,
2026-04-03T10:18:26.565788+00:00,1113695035,BTCUSD,SHORT,-9.68,-0.999793431109353,2026-04-03T13:18:08+00:00,14.383333333333333,66782.08,66878.9,0.1,0.0,0.0,sl,
2026-04-03T11:12:07.518466+00:00,1113665257,SP500,SHORT,3.49,0.5312024353120479,2026-04-03T14:12:01+00:00,131.36666666666667,6572.58,6569.09,1.0,0.0,0.0,trailing,
2026-04-03T11:34:38.435733+00:00,1113730778,NAS100,SHORT,-23.72,-0.9999999999999509,2026-04-03T14:34:09+00:00,21.033333333333335,23974.25,23997.97,1.0,0.0,0.0,sl,
2026-04-03T12:17:39.870748+00:00,1113773048,SP500,LONG,-6.9399999999999995,-0.9999999999999265,2026-04-03T15:17:28+00:00,2.816666666666667,6578.06,6571.12,1.0,0.0,0.0,sl,
2026-04-03T12:30:11.263007+00:00,1113611504,USDJPY,SHORT,-100.17,-0.9990955800000214,2026-04-03T15:30:02+00:00,306.56666666666666,159.567,159.727,1.0,0.0,0.0,sl,
2026-04-03T12:30:11.289984+00:00,1113781622,NAS100,LONG,50.23,1.8010039440657761,2026-04-03T15:30:06+00:00,4.983333333333333,24005.65,24055.88,1.0,0.0,0.0,tp,
2026-04-03T12:31:41.354066+00:00,1113789972,BTCUSD,LONG,-18.74,-1.0001067349770272,2026-04-03T15:31:14+00:00,1.3833333333333333,67122.3,66934.92,0.1,0.0,0.0,sl,
2026-04-03T12:37:11.556418+00:00,1113574636,AUDUSD,LONG,-126.0,-0.9999999999999694,2026-04-03T15:36:44+00:00,379.25,0.69101,0.68975,1.0,0.0,0.0,sl,
2026-04-03T16:32:27.384348+00:00,1113616525,SOLUSD,LONG,22.5,0.20642201834862456,2026-04-03T19:31:58+00:00,540.2,79.86,80.31,5.0,0.0,0.0,be,
2026-04-03T17:03:58.504802+00:00,1113870249,AUDUSD,SHORT,76.0,0.7524752475247032,2026-04-03T20:03:51+00:00,206.38333333333333,0.69017,0.68941,1.0,0.0,0.0,trailing,
2026-04-03T20:30:10.388368+00:00,1113868637,USDJPY,SHORT,-100.18,-0.9990262662500212,2026-04-03T23:29:55+00:00,414.45,159.547,159.707,1.0,0.0,0.0,sl,
2026-04-04T03:01:51.328375+00:00,1114044008,SOLUSD,LONG,-30.72,-0.6751648351648377,2026-04-04T06:01:39+00:00,539.9833333333333,80.49,79.96,5.0,0.0,-4.22,be,
2026-04-04T07:20:10.787427+00:00,1114272281,BTCUSD,LONG,-7.16,-1.0001396843135004,2026-04-04T10:20:07+00:00,3.9166666666666665,67016.23,66944.64,0.1,0.0,0.0,sl,
2026-04-04T14:39:50.437168+00:00,1114289240,BTCUSD,LONG,10.66,0.648379052369121,2026-04-04T17:39:27+00:00,397.25,67036.73,67143.32,0.1,0.0,0.0,trailing,
2026-04-05T01:58:33.690044+00:00,1114578964,SOLUSD,LONG,-41.5,-1.000000000000002,2026-04-05T04:58:26+00:00,532.15,81.09,80.26,5.0,0.0,0.0,sl,
2026-04-06T20:30:34.860520+00:00,1122190937,NAS100,LONG,-2.8,-0.028420625253755456,2026-04-06T23:30:05+00:00,122.38333333333334,24198.2,24195.4,1.0,0.0,0.0,be,
2026-04-06T21:37:08.243054+00:00,1122540844,SOLUSD,LONG,-48.31,-1.0979545454545512,2026-04-07T00:36:41+00:00,92.3,82.25,81.37,5.0,0.0,-4.31,sl,
2026-04-07T01:39:15.597750+00:00,1122339168,SP500,LONG,-21.18,-1.0680786686838164,2026-04-07T04:38:54+00:00,397.65,6617.11,6597.28,1.0,0.0,-1.35,sl,
2026-04-07T08:02:49.510360+00:00,1124974167,USDJPY,LONG,-84.19,-1.0010591904762118,2026-04-07T11:02:20+00:00,66.3,159.802,159.642,0.84,0.0,0.0,sl,
2026-04-07T08:21:50.064676+00:00,1125387365,XAUUSD,LONG,334.35,2.069637883008273,2026-04-07T11:21:47+00:00,7.933333333333334,4661.21,4683.5,0.15,0.0,0.0,tp,
2026-04-07T08:57:50.906196+00:00,1124739067,AUDUSD,LONG,114.48,1.2470588235293865,2026-04-07T11:57:47+00:00,167.75,0.69198,0.6941,0.54,0.0,0.0,tp,
2026-04-07T10:09:52.982965+00:00,1126062001,AUDUSD,LONG,-84.36,-0.9999999999999752,2026-04-07T13:09:31+00:00,17.55,0.69428,0.6928,0.57,0.0,0.0,sl,
2026-04-07T10:48:24.097299+00:00,1125715964,SP500,LONG,-25.6,-0.9999999999999859,2026-04-07T13:48:07+00:00,106.9,6626.09,6600.49,1.0,0.0,0.0,sl,
2026-04-07T10:50:24.190619+00:00,1125829596,XAUUSD,LONG,-284.27,-0.9999999999999855,2026-04-07T13:49:54+00:00,90.05,4690.26,4649.65,0.07,0.0,0.0,sl,
2026-04-07T12:12:55.748233+00:00,1126952540,SP500,SHORT,0.0,0.0,2026-04-07T15:12:51+00:00,11.55,6587.72,6587.72,1.0,0.0,0.0,be,
2026-04-07T12:18:25.915127+00:00,1126953537,NAS100,SHORT,0.0,0.0,2026-04-07T15:18:11+00:00,16.55,24051.35,24051.35,1.0,0.0,0.0,be,
2026-04-07T17:10:12.527948+00:00,1127689090,XAUUSD,SHORT,407.7,1.8389715832206,2026-04-07T17:06:14+00:00,22.233333333333334,4640.08,4612.9,0.15,0.0,0.0,tp,
2026-04-07T17:10:12.564478+00:00,1127733290,SP500,SHORT,-14.45,-1.0000000000000124,2026-04-07T16:55:18+00:00,6.133333333333334,6578.35,6592.8,1.0,0.0,0.0,sl,
2026-04-07T17:10:12.599857+00:00,1127721610,NAS100,SHORT,107.15,1.3439106986078087,2026-04-07T17:06:00+00:00,18.383333333333333,24021.15,23914.0,1.0,0.0,0.0,tp,
2026-04-07T19:18:22.836253+00:00,1129888528,NAS100,SHORT,-106.43,-0.9999999999999973,2026-04-07T22:18:19+00:00,16.683333333333334,23952.65,24059.08,1.0,0.0,0.0,sl,
2026-04-07T19:19:22.906143+00:00,1129887825,SP500,SHORT,-25.97,-1.000000000000025,2026-04-07T22:18:54+00:00,17.6,6571.6,6597.57,1.0,0.0,0.0,sl,
2026-04-07T22:10:07.269939+00:00,1130309814,SOLUSD,LONG,39.19,0.6642372881355973,2026-04-08T01:09:37+00:00,129.13333333333333,81.99,82.86,5.0,0.0,-4.31,trailing,
2026-04-08T07:06:18.064375+00:00,1133696688,LTCUSD,LONG,-299.52,-0.9999999999999984,2026-04-08T10:05:57+00:00,35.733333333333334,55.67,54.5,2.56,0.0,0.0,sl,
2026-04-08T10:16:24.586551+00:00,1133551597,XAUUSD,LONG,-293.4,-1.0000000000000104,2026-04-08T13:16:23+00:00,254.5,4831.98,4773.3,0.05,0.0,0.0,sl,
2026-04-08T13:01:33.822826+00:00,1133547676,SP500,LONG,-3.31,-0.06567460317460365,2026-04-08T16:01:30+00:00,420.25,6805.16,6801.85,1.0,0.0,0.0,be,
2026-04-08T13:21:04.528349+00:00,1135874195,AUDUSD,LONG,40.5,0.4545454545454435,2026-04-08T16:21:04+00:00,49.03333333333333,0.70598,0.70673,0.54,0.0,0.0,trailing,
2026-04-08T14:09:06.110191+00:00,1135263601,NAS100,LONG,-157.54,-1.0000000000000175,2026-04-08T17:08:53+00:00,175.23333333333332,25062.1,24904.56,1.0,0.0,0.0,sl,
2026-04-08T15:20:38.324408+00:00,1133642069,SOLUSD,LONG,-96.0,-0.5470085470085462,2026-04-08T18:20:30+00:00,540.2833333333333,84.86,82.94,5.0,0.0,0.0,be,
2026-04-09T12:00:24.322611+00:00,1137212854,AUDUSD,LONG,-81.92,-1.0000000000000409,2026-04-08T21:19:12+00:00,201.15,0.70573,0.70445,0.64,0.0,0.0,sl,
2026-04-09T13:29:57.406976+00:00,1143136770,NAS100,LONG,44.28,1.6907216494843857,2026-04-09T16:29:48+00:00,84.96666666666667,24890.9,24935.18,1.0,0.0,0.0,tp,
2026-04-09T13:43:28.935232+00:00,1143116897,SP500,LONG,10.41,1.4579831932774299,2026-04-09T16:42:56+00:00,100.56666666666666,6775.61,6786.02,1.0,0.0,0.0,tp,
2026-04-09T15:01:33.498547+00:00,1143722198,USDJPY,LONG,57.71,0.61111104162505,2026-04-09T18:01:18+00:00,90.03333333333333,159.0,159.167,0.55,0.0,0.0,trailing,
2026-04-09T15:29:05.228379+00:00,1144636109,SOLUSD,LONG,-38.0,-0.9999999999999932,2026-04-09T18:28:35+00:00,7.166666666666667,82.76,82.0,5.0,0.0,0.0,sl,
2026-04-09T15:33:05.389831+00:00,1144488453,SP500,LONG,26.45,1.3754550182007592,2026-04-09T18:32:51+00:00,30.483333333333334,6783.61,6810.06,1.0,0.0,0.0,tp,
2026-04-09T15:33:05.405833+00:00,1144479799,NAS100,LONG,91.3,2.047085201793622,2026-04-09T18:32:50+00:00,31.983333333333334,24893.9,24985.2,1.0,0.0,0.0,tp,
2026-04-09T15:37:05.529991+00:00,1143103087,XAUUSD,LONG,371.9,1.1817604067365648,2026-04-09T18:36:32+00:00,215.35,4757.16,4794.35,0.1,0.0,0.0,manual,
2026-04-09T15:48:35.873622+00:00,1144616739,USDJPY,LONG,-90.39,-1.001678279607374,2026-04-09T18:48:15+00:00,29.066666666666666,159.171,158.9,0.53,0.0,0.0,sl,
2026-04-09T15:59:36.184950+00:00,1144265439,AUDUSD,LONG,150.12,1.7820512820512755,2026-04-09T18:59:21+00:00,86.06666666666666,0.70558,0.70836,0.54,0.0,0.0,tp,
2026-04-09T16:33:07.405453+00:00,1144980438,NAS100,LONG,-46.96,-0.9999999999999412,2026-04-09T19:33:03+00:00,24.216666666666665,25102.4,25055.44,1.0,0.0,0.0,sl,
2026-04-09T16:49:38.006486+00:00,1145174978,SOLUSD,LONG,-49.5,-1.000000000000005,2026-04-09T19:49:19+00:00,3.9,83.66,82.67,5.0,0.0,0.0,sl,
2026-04-09T18:04:10.393298+00:00,1145319724,NAS100,LONG,-56.9,-0.9999999999999744,2026-04-09T21:03:45+00:00,46.85,25090.15,25033.25,1.0,0.0,0.0,sl,
2026-04-09T23:10:45.775603+00:00,1144990694,SP500,LONG,-11.86,-0.6769406392694246,2026-04-10T02:10:24+00:00,420.03333333333336,6832.11,6821.6,1.0,0.0,-1.35,be,
2026-04-09T23:16:15.917330+00:00,1145284677,BTCUSD,LONG,-79.99,-1.067116690457455,2026-04-10T02:16:05+00:00,366.68333333333334,72477.25,71727.66,0.1,0.0,-5.03,sl,
2026-04-10T00:02:16.932214+00:00,1144993211,XAUUSD,LONG,-317.82000000000005,-1.01996148908858,2026-04-10T03:02:04+00:00,471.0,4792.73,4753.78,0.08,0.0,-6.22,sl,
2026-04-10T08:47:54.134335+00:00,1148020013,SOLUSD,LONG,-57.0,-0.9999999999999996,2026-04-10T11:47:40+00:00,152.23333333333332,83.71,82.57,5.0,0.0,0.0,sl,
2026-04-10T11:54:53.693264+00:00,1148117187,USDJPY,LONG,-74.77,-1.000774458823531,2026-04-10T14:54:29+00:00,317.1666666666667,159.276,159.157,1.0,0.0,0.0,sl,
2026-04-10T12:30:26.998619+00:00,1148934437,SP500,LONG,23.13,1.5628378378378185,2026-04-10T15:30:04+00:00,189.58333333333334,6829.66,6852.79,1.0,0.0,0.0,tp,
2026-04-10T13:39:59.746565+00:00,1149355801,NAS100,LONG,31.66,0.43399588759425994,2026-04-10T16:39:33+00:00,158.58333333333334,25132.6,25164.26,1.0,0.0,0.0,trailing,
2026-04-10T14:43:01.671252+00:00,1150614246,NAS100,LONG,0.0,0.0,2026-04-10T17:42:56+00:00,27.583333333333332,25181.55,25181.55,1.0,0.0,0.0,be,
2026-04-10T15:26:33.068387+00:00,1150982375,BNBUSD,LONG,-36.6,-1.0000000000000087,2026-04-10T18:26:30+00:00,25.433333333333334,608.48,604.82,1.0,0.0,0.0,sl,
2026-04-10T15:40:33.523850+00:00,1151116284,NAS100,LONG,-80.9,-1.000000000000027,2026-04-10T18:40:03+00:00,16.7,25233.3,25152.4,1.0,0.0,0.0,sl,
2026-04-10T15:52:33.912738+00:00,1150260198,SP500,LONG,-15.72,-1.0000000000000417,2026-04-10T18:52:25+00:00,141.45,6843.61,6827.89,1.0,0.0,0.0,sl,
2026-04-10T16:41:05.256768+00:00,1151026416,AUDUSD,LONG,-82.2,-1.000000000000013,2026-04-10T19:40:55+00:00,93.2,0.70814,0.70677,0.6,0.0,0.0,sl,
2026-04-10T20:30:41.840161+00:00,1151718495,NAS100,SHORT,-61.8,-0.562687790221242,2026-04-10T23:30:12+00:00,206.78333333333333,25099.25,25161.05,1.0,0.0,0.0,be,
2026-04-12T14:08:45.368690+00:00,1152914420,SOLUSD,LONG,50.5,1.6557377049180344,2026-04-11T22:30:57+00:00,254.96666666666667,84.73,85.74,5.0,0.0,0.0,tp,
2026-04-12T22:00:53.087014+00:00,1152217547,SP500,LONG,-26.25,-1.1899365367180201,2026-04-13T01:00:37+00:00,3045.6666666666665,6828.21,6806.15,1.0,0.0,-4.19,sl,
2026-04-13T08:15:33.651693+00:00,1156712702,XAUUSD,LONG,-93.3,-1.0000000000001055,2026-04-13T11:15:11+00:00,9.933333333333334,4737.07,4730.85,0.15,0.0,0.0,sl,
2026-04-13T11:00:07.364606+00:00,1157158333,SP500,LONG,7.07,0.9888111888111134,2026-04-13T14:00:01+00:00,83.46666666666667,6786.76,6793.83,1.0,0.0,0.0,tp,
2026-04-13T12:47:12.869493+00:00,1157946598,SP500,SHORT,-18.21,-0.999999999999998,2026-04-13T15:47:02+00:00,46.35,6772.65,6790.86,1.0,0.0,0.0,sl,
2026-04-13T13:48:44.584128+00:00,1158194331,USDJPY,LONG,-83.44,-1.0010419758276299,2026-04-13T16:48:44+00:00,75.3,159.821,159.648,0.77,0.0,0.0,sl,
2026-04-13T13:53:44.720539+00:00,1157559249,NAS100,LONG,62.18,0.5077161753898866,2026-04-13T16:53:16+00:00,172.25,25028.0,25090.18,1.0,0.0,0.0,trailing,
2026-04-13T14:23:45.131101+00:00,1158999607,SOLUSD,LONG,-37.41,-1.0000000000000007,2026-04-13T17:23:27+00:00,7.866666666666666,83.46,82.6,4.35,0.0,0.0,sl,
2026-04-13T14:43:15.603311+00:00,1159154927,BTCUSD,LONG,15.54,2.498794018331412,2026-04-13T17:43:04+00:00,11.45,71694.65,71850.12,0.1,0.0,0.0,tp,
2026-04-13T14:48:15.737202+00:00,1159147547,NAS100,LONG,0.0,0.0,2026-04-13T17:48:14+00:00,17.216666666666665,25153.75,25153.75,1.0,0.0,0.0,be,
2026-04-13T16:05:50.019580+00:00,1159730516,BNBUSD,LONG,-38.6,-0.9999999999999964,2026-04-13T19:05:31+00:00,4.716666666666667,605.07,601.21,1.0,0.0,0.0,sl,
2026-04-13T16:18:20.410630+00:00,1159594062,XAUUSD,SHORT,-290.94,-0.9999999999999951,2026-04-13T19:18:08+00:00,46.88333333333333,4704.4,4726.78,0.13,0.0,0.0,sl,
2026-04-13T16:36:20.952242+00:00,1159645578,NAS100,LONG,73.18,1.3218930635838013,2026-04-13T19:35:55+00:00,56.9,25194.25,25267.43,1.0,0.0,0.0,tp,
2026-04-13T17:56:53.557982+00:00,1159649058,BTCUSD,LONG,29.58,0.4723579572674131,2026-04-13T20:56:48+00:00,137.21666666666667,71778.4,72074.22,0.1,0.0,0.0,trailing,
2026-04-13T18:51:55.048858+00:00,1159367475,SP500,LONG,32.85,1.5627973358705671,2026-04-13T21:51:31+00:00,230.96666666666667,6831.01,6863.86,1.0,0.0,0.0,tp,
2026-04-13T20:30:28.218733+00:00,1160106055,NAS100,LONG,149.45,1.3297446392027827,2026-04-13T23:30:12+00:00,221.18333333333334,25260.75,25410.2,1.0,0.0,0.0,be,
2026-04-13T23:32:05.304293+00:00,1160826764,SP500,LONG,30.07,1.131727512231814,2026-04-14T02:32:01+00:00,253.45,6865.31,6896.78,1.0,0.0,-1.4,trailing,
2026-04-14T10:10:01.327296+00:00,1163731693,AUDUSD,LONG,144.05,1.7916666666666983,2026-04-14T13:09:33+00:00,114.13333333333334,0.70972,0.71187,0.67,0.0,0.0,tp,
2026-04-14T10:39:03.232583+00:00,1163683640,XAUUSD,LONG,-172.8,-0.9999999999999621,2026-04-14T13:38:43+00:00,153.45,4778.42,4766.9,0.15,0.0,0.0,sl,
2026-04-14T10:44:33.475154+00:00,1163941881,SP500,LONG,-12.42,-0.9999999999999941,2026-04-14T13:44:11+00:00,103.61666666666666,6910.16,6897.74,1.0,0.0,0.0,sl,
2026-04-14T11:18:04.587487+00:00,1164096094,BNBUSD,LONG,-46.9,-1.0000000000000127,2026-04-14T14:18:00+00:00,103.15,619.89,615.2,1.0,0.0,0.0,sl,
2026-04-14T12:21:07.129997+00:00,1164604048,XAUUSD,LONG,-180.45,-1.000000000000021,2026-04-14T15:21:02+00:00,61.766666666666666,4777.41,4765.38,0.15,0.0,0.0,sl,
2026-04-14T12:31:07.521742+00:00,1163827625,SOLUSD,LONG,-39.33,-1.0001017138788566,2026-04-14T15:31:04+00:00,237.26666666666668,86.4,85.34,3.71,0.0,0.0,sl,
2026-04-14T13:37:46.783148+00:00,1164607418,SP500,LONG,16.41,1.5613701236916897,2026-04-14T16:37:40+00:00,137.06666666666666,6904.66,6921.07,1.0,0.0,0.0,tp,
2026-04-14T13:40:16.895685+00:00,1164603679,NAS100,LONG,58.91,0.9252395162557188,2026-04-14T16:39:52+00:00,140.83333333333334,25508.96,25567.87,1.0,0.0,0.0,trailing,
2026-04-14T14:38:48.173462+00:00,1165829525,BTCUSD,LONG,-31.21,-1.0002563938208957,2026-04-14T17:38:35+00:00,16.916666666666668,75659.66,75347.64,0.1,0.0,0.0,sl,
2026-04-14T15:47:20.538325+00:00,1165890817,NAS100,LONG,77.56,1.1145279494180176,2026-04-14T18:46:55+00:00,77.88333333333334,25664.21,25741.77,1.0,0.0,0.0,tp,
2026-04-14T16:55:26.108177+00:00,1166130034,SP500,LONG,15.34,0.9739682539682539,2026-04-14T19:55:24+00:00,114.83333333333333,6944.96,6960.3,1.0,0.0,0.0,trailing,
2026-04-14T18:25:29.733528+00:00,1166274215,AUDUSD,LONG,-83.6,-1.0000000000000224,2026-04-14T21:25:05+00:00,183.63333333333333,0.7139,0.71238,0.55,0.0,0.0,sl,
2026-04-14T20:30:34.207004+00:00,1166704270,NAS100,LONG,73.45,0.7801380775358652,2026-04-14T23:30:12+00:00,231.16666666666666,25781.46,25854.91,1.0,0.0,0.0,be,
2026-04-14T23:53:10.638888+00:00,1167331753,SP500,LONG,18.34,0.8626528692379968,2026-04-15T02:52:43+00:00,291.95,6958.41,6978.15,1.0,0.0,-1.4,trailing,
2026-04-15T10:15:57.773366+00:00,1170310934,SP500,LONG,-11.93,-1.0000000000000517,2026-04-15T13:15:54+00:00,75.33333333333333,6978.03,6966.1,1.0,0.0,0.0,sl,
2026-04-15T13:38:37.166108+00:00,1171082645,BNBUSD,LONG,-44.4,-1.0000000000000133,2026-04-15T16:38:15+00:00,129.43333333333334,620.04,615.6,1.0,0.0,0.0,sl,
2026-04-15T13:39:07.211353+00:00,1171035041,SP500,LONG,19.05,1.5627563576702728,2026-04-15T16:39:01+00:00,142.43333333333334,6972.86,6991.91,1.0,0.0,0.0,tp,
2026-04-15T13:44:07.408193+00:00,1171012717,NAS100,LONG,28.94,0.45754940711462455,2026-04-15T16:43:44+00:00,152.7,25856.16,25885.1,1.0,0.0,0.0,trailing,
2026-04-15T14:39:09.445488+00:00,1172112035,SOLUSD,LONG,-37.23,-1.0000000000000067,2026-04-15T17:39:00+00:00,7.316666666666666,84.57,83.72,4.38,0.0,0.0,sl,
2026-04-15T15:08:10.661318+00:00,1171335259,XAUUSD,LONG,-220.8,-0.9999999999999829,2026-04-15T18:07:53+00:00,168.6,4816.1,4801.38,0.15,0.0,0.0,sl,
2026-04-15T15:21:41.276822+00:00,1171802099,USDJPY,LONG,-82.52,-1.0009183925576541,2026-04-15T18:21:12+00:00,97.63333333333334,159.07,158.912,0.83,0.0,0.0,sl,
2026-04-15T16:15:49.301829+00:00,1172061349,NAS100,LONG,119.48,1.3750719300264795,2026-04-15T19:15:39+00:00,112.6,25968.16,26087.64,1.0,0.0,0.0,tp,
2026-04-15T16:56:50.541201+00:00,1172294784,SP500,LONG,-10.9,-1.0000000000000333,2026-04-15T19:56:26+00:00,113.85,6998.61,6987.71,1.0,0.0,0.0,sl,
2026-04-15T19:11:53.473622+00:00,1172919160,NAS100,LONG,158.08,1.556211852726944,2026-04-15T22:09:07+00:00,138.06666666666666,26028.91,26186.99,1.0,0.0,0.0,tp,
2026-04-15T20:11:25.911838+00:00,1173510340,NAS100,LONG,23.46,0.39588255146811735,2026-04-15T23:11:15+00:00,58.86666666666667,26178.91,26202.37,1.0,0.0,0.0,trailing,
2026-04-16T02:08:08.117460+00:00,1172951821,AUDUSD,LONG,51.43,0.624757045675378,2026-04-16T05:08:00+00:00,550.6166666666667,0.71657,0.71748,0.56,0.0,0.47,trailing,
2026-04-16T02:12:38.270682+00:00,1173509534,SP500,LONG,13.74,0.6738597351642854,2026-04-16T05:12:12+00:00,420.1666666666667,7027.56,7042.7,1.0,0.0,-1.4,be,
